theme_id,style_identifier,background_color,background_image_landscape,background_image_portrait,link_color,outline_color,secondary_tint_color,primary_tint_color,text_color,font_name,background_image_preview,active_color
4b696b20-1111-1111-1111-5468656d6573,0,,,,,,,,,,,
4b696b20-1111-1111-1111-5468656d6573,1,,,,,,,,,,,
4b696b20-1111-1111-1111-5468656d6573,2,,,,,,,,,,,
4b696b20-1111-1111-1111-5468656d6573,3,,,,,,,,,,,
4b696b20-1111-1111-1111-5468656d6573,4,,,,,,,,,,,
4b696b20-1111-1111-1111-5468656d6573,5,,,,,,,,,,,
4b696b20-1111-1111-1111-5468656d6573,6,,,,,,,,,,,
4b696b20-2222-2222-2222-5468656d6573,0,,,,,,,,,,,
4b696b20-2222-2222-2222-5468656d6573,1,,,,,,,,,,,
4b696b20-2222-2222-2222-5468656d6573,2,,,,,,,,,,,
4b696b20-2222-2222-2222-5468656d6573,3,,,,,,,,,,,
4b696b20-2222-2222-2222-5468656d6573,4,,,,,,,,,,,
4b696b20-2222-2222-2222-5468656d6573,5,,,,,,,,,,,
4b696b20-2222-2222-2222-5468656d6573,6,,,,,,,,,,,
4b696b20-3333-3333-3333-5468656d6573,0,,,,,,,,,,,
4b696b20-3333-3333-3333-5468656d6573,1,,,,,,,,,,,
4b696b20-3333-3333-3333-5468656d6573,2,,,,,,,,,,,
4b696b20-3333-3333-3333-5468656d6573,3,,,,,,,,,,,
4b696b20-3333-3333-3333-5468656d6573,4,,,,,,,,,,,
4b696b20-3333-3333-3333-5468656d6573,5,,,,,,,,,,,
4b696b20-3333-3333-3333-5468656d6573,6,,,,,,,,,,,
4b696b20-4444-4444-4444-5468656d6573,0,,,,,,,,,,,
4b696b20-4444-4444-4444-5468656d6573,1,,,,,,,,,,,
4b696b20-4444-4444-4444-5468656d6573,2,,,,,,,,,,,
4b696b20-4444-4444-4444-5468656d6573,3,,,,,,,,,,,
4b696b20-4444-4444-4444-5468656d6573,4,,,,,,,,,,,
4b696b20-4444-4444-4444-5468656d6573,5,,,,,,,,,,,
4b696b20-4444-4444-4444-5468656d6573,6,,,,,,,,,,,
4b696b20-5555-5555-5555-5468656d6573,0,,,,,,,,,,,
4b696b20-5555-5555-5555-5468656d6573,1,,,,,,,,,,,
4b696b20-5555-5555-5555-5468656d6573,2,,,,,,,,,,,
4b696b20-5555-5555-5555-5468656d6573,3,,,,,,,,,,,
4b696b20-5555-5555-5555-5468656d6573,4,,,,,,,,,,,
4b696b20-5555-5555-5555-5468656d6573,5,,,,,,,,,,,
4b696b20-5555-5555-5555-5468656d6573,6,,,,,,,,,,,
4b696b20-6666-6666-6666-5468656d6573,0,,,,,,,,,,,
4b696b20-6666-6666-6666-5468656d6573,1,,,,,,,,,,,
4b696b20-6666-6666-6666-5468656d6573,2,,,,,,,,,,,
4b696b20-6666-6666-6666-5468656d6573,3,,,,,,,,,,,
4b696b20-6666-6666-6666-5468656d6573,4,,,,,,,,,,,
4b696b20-6666-6666-6666-5468656d6573,5,,,,,,,,,,,
4b696b20-6666-6666-6666-5468656d6573,6,,,,,,,,,,,
